,PCA1,PCA2,PCA3,PCA4,PCA5,PCA6,PCA7,PCA8,PCA9
0,-467.3870434274702,-1.6453674486072567,-2.25360257974392,5.585544593976767,-1.9374567877249078,-0.9643661330381856,2.5451245033434193,-2.7439085677328103,-0.48376790853882196
1,-466.38509416474585,-2.538008282717171,-5.8435391246901345,3.821132405355011,-3.6805021386310806,-1.1884641030207965,-0.6375102428318121,-1.5391862281722055,-0.7079708851512629
2,-465.3806354503008,-3.04500319436687,-7.360497141771958,1.7875571521372,-2.720382107948364,-0.5874872843309165,-0.005714783386597262,-3.6081265403622726,-0.01733390518135386
3,-464.39259482475245,-4.0844319060463254,-8.307222056584726,-1.9189748330925092,-1.9791239933253006,2.1253702310604554,1.7330976151978217,-2.7282871303723657,-0.6486984805610965
4,-463.44499904489294,-4.956749826078634,-5.149220235893115,-3.556440888154259,3.3088420387370423,-0.16617433276903848,-1.2285322908810132,-2.555157084245841,-2.9148144225443255
5,-462.485951727571,-5.889174770789258,0.24959026700979253,-0.7418882356826112,2.0061321619945907,0.3093106461994018,1.7714142122446115,-1.1992560582330862,-0.7657566454510683
6,-461.4882029330529,-6.718017414488288,-2.03882629163058,1.223423595027721,-0.7379834762421319,-2.477436799902481,1.2883624427849891,-0.9200787638509577,1.5648492037857962
7,-460.487558755579,-7.749836520766192,-4.484682050828813,-0.2688486812162578,-2.4759655464185153,-1.536776531053058,3.0667016503575275,0.6690930399825845,2.3385769028453187
8,-459.4658522103118,-6.156378397524112,-4.075852771586253,-2.8130646478224426,0.6131980158447047,-2.1250614768272955,3.0252135947788843,-2.3929782895838745,1.056487710906862
9,-458.4764481825736,-5.783689049376614,0.5859130141966788,0.7189529696481612,2.650964780113844,-0.28532167275222103,6.030695319906509,-2.336618090623253,-1.1832942188846833
10,-457.49597579276025,-6.286898097555831,2.4761574620945175,4.867437563244227,1.7740149704735904,-1.1646889192892151,5.305806080195484,-0.32844062259685686,0.026375463818536362
11,-456.508909319967,-6.288046982456073,4.374617518543766,7.161934339438568,2.269305592727961,-0.6977621266286446,1.7887733248238793,-0.018326189564376715,0.19221655620145014
12,-455.4894667431005,-4.493431043285193,4.871625268298601,6.758873182635316,1.3331157748716196,-0.8503814612746728,-0.868735430733256,-0.39439809443064244,0.024368883789321536
13,-454.4614261118832,-2.7615635922415414,3.9240617352711284,5.707993616234672,1.1299073317488457,1.2009378870449094,-1.553214838219218,0.848009287462024,-0.6366505620029886
14,-453.4816418227784,-6.327796358902281,1.5561799907743945,5.671946213595522,0.21443673136408542,2.545247057620731,1.3060939697608491,-0.577994531238163,0.7813832360417634
15,-452.4759572327046,-6.0228703267189,0.30562952733420595,4.310295702578241,0.3543996343162325,-0.6150853107026186,-0.20917015753354862,-0.4267871291030561,-1.227847886787383
16,-451.46464846566107,-4.385301021020195,1.4950754631491232,5.029594663910393,3.318735607022634,1.4072881321356896,-1.2554368365075734,-0.43098248130237127,-0.1816997806194409
17,-450.4732594878401,-4.878544514758183,3.407919284218898,6.39273048342717,1.2220138724734568,1.9395790351643198,0.7746429733683146,-0.864729102296181,0.7953249566170255
18,-449.46460270610334,-5.069974900625606,0.4038405772242013,4.710917498486982,0.1393480818781677,-0.8257150596160013,-0.8670352696787843,-1.0759597296094858,-0.24412100489608377
19,-448.47256481422016,-4.72583917561104,0.6820016238085912,1.7530890340557044,4.297898622260893,0.2783290044302626,-1.6631478652527345,0.015253903779422965,-0.662968790330105
20,-447.50546941193375,-5.895376255899989,3.3475906805837297,4.637785926940482,2.9128247097464413,0.05334275007351021,2.970861201278978,0.9852384950880024,1.5993051362244892
21,-446.4992611754654,-6.145752662590669,2.2531341733565156,5.899694399689179,2.6021578386476114,0.4805413798848686,3.5907522314097093,1.0764596296902238,0.9885254612549019
22,-445.48378312450853,-6.40695930425363,2.5542572059120014,6.087785074649516,1.0208294183652555,1.1960658722941564,3.9710287891155973,-1.1185447953115908,1.4956876883051566
23,-444.4813882791993,-5.234909052363448,4.010995207122302,4.043743018246528,0.06165536867535324,0.745488326259951,1.997380938058414,-2.1631928431978964,-1.965662836550226
24,-443.47973773414697,-4.802939578661634,4.191093243046115,5.598676683225256,-0.6885435570447561,2.6445854756007647,1.3891967485619945,-0.3932495700305278,-1.6962774388597235
25,-442.4835682186032,-5.599127048627649,1.735376525116064,4.755903846404133,1.0576929922967577,0.3390550472873314,0.4202821971313329,0.4547796675974842,-0.7392121473135651
26,-441.45559222844406,-4.888548816255277,-1.4775643103637393,4.169982053426908,1.3596878443708427,-2.510663751166805,-0.6641175631958239,0.07040794064630412,-0.4898380314711009
27,-440.45262349255455,-3.175191521589848,1.4354960133977352,4.500846521080982,2.7903254470565604,-0.06357986939776113,0.3828863131866988,0.184017210959367,-0.08435210094225111
28,-439.44477072630417,-4.0515277859815875,-2.3499047633339543,4.760698765470242,0.7850243538530364,-4.097489474258162,-2.336423692977985,0.04760302785391873,-0.23610779358776557
29,-438.4303924476364,-1.4076724391937323,0.47294129112382055,2.6248798268815494,1.975173978247407,-1.2684200771228762,-1.4047716099452934,0.7396522229127388,0.18729025493585985
30,-437.45378443915183,-5.580576318786151,-4.615352473694801,0.5215329276831447,1.7762206193082672,-1.5816424364443205,-2.493042058996178,0.8243454806683369,-0.16498960063627505
31,-367.4744525397738,-6.342004881329145,-2.8788116911416424,-0.08227989144834882,2.174060666918719,-2.0225484516557466,-0.1857862660613057,0.20322548187313538,-0.25461478897388207
32,-366.44997896768035,-4.739451109242998,-2.0290119090277003,1.8664544385225845,2.1550659184714065,-1.5605389524657607,2.086964408316558,-0.18040753168613335,0.48298007932970893
33,-365.4513697843115,-5.943294836678557,-2.343751291522052,2.172796790425948,-0.9459123296989266,-1.0588480807518712,2.108358677394663,-0.7406080444289234,0.01601080342876528
34,-364.4412902434318,-5.260279939698176,-3.8448499169504537,0.23561384899765148,-1.944007705440039,-1.8150612143590164,-0.583740304498926,-1.9183546951833772,-0.16048249078471646
35,-363.4544103337293,-3.133479930686083,0.08230110292243775,0.6070804431461262,-1.4459208594820534,-2.760639698348757,-1.1757103373603095,1.0909647220988725,-0.5275097766271293
36,-362.4474724508456,-5.9331433531941125,-7.4042056310448,0.07922895570233976,-1.7455064524251283,-2.789199921107299,-3.8502804963177026,3.0387298687835353,0.6863274745450363
37,-361.45506300557986,-2.5598141892072306,-0.25681257275977015,-0.8588234755042318,2.2454338232287863,-0.569684703808013,-1.5562095441144208,1.0258530393528182,-2.1232930345010628
38,-360.45193892735915,-2.3562491427377132,0.7633610298152598,3.9929698122657475,-0.9619321993936677,-1.6763903970420326,-1.2703920501022583,3.1305509153640396,-1.4945079844023945
39,-359.4294724172773,-1.370193428050548,0.9959160468500813,3.7291927683788564,-2.34386753724413,-0.14589251839174036,-1.7870183823659913,1.3982543432294683,-2.532473772615
40,-358.4300838472805,-2.560773364754819,-0.4221565136200333,2.819856775551127,-1.6790314808669837,2.315660882323972,-2.0203464033738237,0.32946390648794555,-1.2788704008158003
41,-357.4695143654999,-3.149697625938172,3.1162595912060276,0.4007854720462769,1.8865317890247477,1.2119974484497693,-2.166896526688407,-0.5898987115833748,-1.0325953132286572
42,-356.4756162031717,-3.208943148819502,4.068827622971105,0.378384314501825,-1.51784182989523,-1.5827963325063288,-0.7295879646434175,-0.6937753354717389,-0.38857196668854344
43,-355.4368110408584,-1.8877503818164436,-0.3988009634764762,-1.8733055808591648,-6.545633142726045,-2.8079067299880003,0.5993893874536839,-0.13858289093587803,-0.33283003767659686
44,-354.41812922908474,-3.326701092495102,-5.029531381660257,-2.7654459695250484,-4.643332496974958,-2.150001309271612,0.2696436251357763,-2.4990227147914847,1.2370745290093617
45,-353.42778337173746,-4.991616658443389,-5.215296216590868,-2.111389089419204,-0.5296867114476844,-0.8918273294150468,0.31264397146649703,-1.3582022922564083,-0.881640996862929
46,-352.40691449662785,-4.8983918811822,-8.381152530598015,-1.5516455322708524,-3.8548455562523802,-1.6836922628751314,-1.7146905517427058,-1.0645720906423382,-0.36453552938663264
47,-351.39319340692134,-1.5447693065064523,-6.355889978121429,-1.864195943369558,-1.518733860632535,-4.804192140553884,-1.9614885836699927,-0.13169167391152553,1.4403138852305748
48,-350.40679036837065,-2.6650568831634067,-6.852096698582748,-2.4471681101121563,-2.8552178406875552,-2.49059331189659,-2.764466740298947,0.8955741870416268,0.46148232057279376
49,-349.4326737145868,-3.2614049318778813,-3.655707263577664,-2.9610579242912443,-1.6088317189244346,-2.1659445477835417,-3.1713185889525133,-0.03529102720222622,-1.7724982180747224
50,-348.44153507697104,-5.492640122585273,-6.822890586850546,-0.8338141916785802,-3.7533883777555377,-1.4416591816233073,-3.7744669545811527,2.509282329278355,-0.5590071063926322
51,-347.43412421723514,-4.894848034994128,-7.342850019396383,-2.466811318357494,0.36002008701196586,-5.147655172998348,-3.3580420754523246,0.5369651706570352,-0.3320019784921884
52,-346.44807263974894,-4.021040365813672,-2.3543202479166494,0.3554574931358996,1.6033739607752016,-1.2530703517830424,-1.3252132790676379,1.0457490934618767,-1.213113174044967
53,-345.4273496960579,-1.191354382423781,1.661875755425331,0.8952924358184657,-0.5552739931041706,-3.071318633680943,0.5408230943218729,-0.543754999309312,1.0878535666121991
54,-344.4203671126106,-2.7422770535372893,-2.759263136452563,0.23617403605858525,-2.0293469232166688,-1.9881669277127199,-2.130492614304703,0.05342473794268155,0.7438411466981891
55,-343.4611231332092,-3.5301419505937446,1.8279414358573685,-2.1295467516244435,1.4844363496286603,1.698666736828849,-3.28875130650202,-2.0032745910326533,-1.3714224368637018
56,-342.4806436586776,-3.2854455405297527,5.816547784366999,-1.4521371916278099,2.001615782543251,1.5806020520005657,-0.3023489311730591,-1.8930818292683085,-1.153082520759437
57,-341.45781679585986,0.11270615537274152,6.710848039334427,-3.195147561620829,2.0516313426671293,-4.86158574907286,1.2871566293794747,2.3005800494472757,0.015858008006304516
58,-340.4594710200284,-0.37742703440625086,6.305276031050957,-0.7695493103440851,-0.982569160343795,-3.570809580148307,3.0220844486356846,1.7021419548305885,-0.042379911317985915
59,-267.458772111216,-2.3196634951984474,4.453948641222919,1.3752512069484273,-2.3012603302708206,-1.05895433566969,2.9779253178299654,4.376157001696605,-1.0606212300014963
60,-266.4448913453151,-1.4101152869938782,3.989542326002504,-1.0539134997566342,-0.27191064724068165,-0.2044382192528856,2.4530978903145106,2.7258939023976296,0.5218912794878906
61,-265.44682727074746,-0.4299253648178499,5.999878380560317,-4.76135137400739,-3.266124469354701,2.0027437329091327,1.2356053989453524,-0.9301514594785951,-1.4939226816050444
62,-264.45915368642284,-0.7355163276808685,5.9122421345580864,-4.390663725302552,-1.9424565772499256,0.9211227671457077,1.4053764428449698,0.5084713175326617,-1.4794566365989175
63,-263.47118306797245,-2.0066101511129606,5.940124224831979,-3.519799484677908,-0.9819875611621491,-0.31401831266987895,2.115001815676903,0.694953814634596,-0.6791093710445574
64,-262.48322328422375,-2.6235809919040802,5.359374771364233,-4.448728992138581,0.7054947577680858,0.572362307545541,0.6424174196017651,1.2476859248667242,-1.796969848811706
65,-261.4830835427235,-2.0932093484617753,6.741810238734331,-3.9300095532412453,0.3316218805338403,-1.5818025134701799,1.0632283498443675,1.0663689045084408,0.5657281497977936
66,-260.45862389388645,-0.1232080900981753,5.828708524991159,-4.601984005559432,-0.8734069330316583,-3.962041989659521,1.8530311174579095,1.683329911625598,1.3718694583025097
67,-259.43985159439734,0.4012876621108732,6.440724936960266,-2.567294493845455,-3.1609985204392617,-3.0030283812194245,2.3637107796354164,-0.6153876137059622,0.2678607431215263
68,-258.41991202903534,1.056214972724527,5.688554068855842,-2.504683170277363,-3.2162696711307732,-3.9837449760912778,2.139937477189383,-0.15194835235896442,1.3500806253842441
69,-257.4231201109329,0.21132895850051261,3.3741116525425365,-5.047488695805059,-6.549748532912351,-0.5743300613595115,1.0808390079302217,0.09401592725535825,1.3136819074855728
70,-256.41691913146707,0.47929894440793813,2.6087077875456828,-2.6078754547894594,-4.981744080674641,2.7091223808058134,-1.12340252509948,1.6729059173639689,0.4476704643420186
71,-255.40576667437475,0.8311161332437258,1.1820134924461467,-2.371373895157523,-5.625540059217382,1.5494939203145537,0.5819768603590849,2.247267998689079,-0.00606389869272219
72,-254.4217697550352,-0.17201524803832532,3.9678761561152243,-1.1044749560509466,-3.273382178751965,4.999765564721818,-2.19451081164504,0.48414184156375817,-0.8463792056725902
73,-253.42727054202123,-2.9688682944502967,1.9266327420095097,-0.4801325486955084,0.2566016078476222,5.193841391244141,-1.106543450526433,-1.7855222904894639,-0.5517865027652644
74,-252.41131286339066,-2.872824611325544,0.5158052577813874,-0.2772157104985851,-1.491726667724014,1.8122719068132092,2.889853489621716,-1.7729097530132674,-0.2835007312126529
75,-251.42640361690226,-2.9211715622182237,2.4895781664258734,1.1714926875473592,1.1274306856770497,0.4112553896100957,0.03711640041035647,-1.7273807691813732,2.3650521075634976
76,-250.42134113472804,0.46937786637485857,6.9180090726239545,0.07349819892782786,2.1836942403662096,-0.21648826749301234,-2.0232157922442333,-1.3150094629912188,3.229590355014641
77,-249.4253892686752,2.5900440484586773,8.65778265730054,-1.0840886430714674,-1.1109569210303565,-0.010696175552139031,-2.9903378643260377,-0.586302834826694,0.2780417022417629
78,-248.42944920621014,1.0531887627694094,6.5618071589705815,-0.8345697270333956,-2.7160159794657233,3.464533009634471,-2.624231617391089,0.8089407417520007,-0.8965616320505966
79,-247.40753082662607,3.053349773790069,8.606687390813669,-2.348098334243739,-2.505350897178569,4.693951339986568,-2.6116835227215027,-1.5194187754707598,0.12452595092595159
80,-246.3897680475877,4.488104557852143,8.214874626652914,-1.382044729513944,-3.569668778578934,1.9357395984068204,-2.2752107867350024,-1.1269941184321515,1.0140810792822168
81,-245.38624772022757,5.077914810902238,8.700441657017684,-1.9285360401959928,-2.3803359320925517,2.4143986706409604,-2.2851284673349226,-1.5189870474623988,0.40009543261545577
82,-244.3765607924356,4.910733138189444,7.7012575339556015,-1.5186847967969768,-3.195917699755689,1.7686195215410823,-1.6481682507326898,-3.3127895244585424,0.9474215897213811
83,-243.376937632633,4.470021671769356,6.7197843926664085,-1.6413461090897148,-2.734401334801802,0.84516593057714,-3.2613359831641944,-3.2219076561102358,0.7898279976928715
84,-242.37566597652702,5.041781883270353,6.632252000145953,-1.9282185339042281,-1.7991840875851566,1.7074390048584158,-3.9977269093166625,-1.4019645994435948,0.21175084399770003
85,-241.37887243678844,3.1943850827462392,5.579797339331943,0.7709072365736673,-3.832327280492091,1.8610760633771857,-2.6874537685476603,-1.5880137020105172,-0.37424186147583466
86,-240.35768260686677,4.48860112652325,3.2950960478535833,-0.8353507213679114,-2.5388008565324394,1.9758429313968264,-2.3184714031512628,-0.43067385835407723,-0.6909233860813422
87,-239.37200496151215,0.42440395518801316,-1.4145078339150292,-2.6333468749226436,-2.648833717855569,4.076963106657256,-0.4691749596573947,-1.6021333660941333,-1.0950002980242175
88,-238.39806935842557,-2.434522561920774,-3.0746725204224323,-6.861018109681891,0.3328838887109708,4.15963772696728,1.129286378579172,-1.1259520469595816,-1.2930986342328705
89,-237.41489890575673,-5.825675654815373,-6.597507395510335,-6.532431217815564,3.935889676124448,4.055808587226226,0.8923188035552108,1.2222085243648202,-0.1857990329062012
90,-167.45197535839637,-7.072747002954787,-4.416948610033588,-5.564092376790824,5.331974737375379,0.5821186395086325,-0.8466472314429332,2.2187005051314035,1.5078882314117732
91,-166.47631506512514,-6.588742208387856,-0.15966620910153465,-5.179074157648901,7.3394311901293365,0.6893679228341425,1.3032218466718015,7.043789072261473,7.597391331955643
92,-165.47424523968192,-4.80025341979773,3.0660590909587957,-2.493986008308021,4.768739299077496,-0.18342819630483798,2.6256474099075566,6.513614990492363,9.036559474487646
93,-164.4700855552213,-6.16981896750883,-2.462744486927721,-0.9849794384975294,-3.2914094249577874,-3.2420639490206136,-2.554724096532344,4.305021162677926,-0.3437817052809947
94,-163.42594442388656,-4.76801558655537,-4.053564915558449,-2.446690792444612,-2.0167078289437996,4.043721952657749,-2.956303397282468,1.551244153140326,-0.6604611741727235
95,-162.39128626791597,-2.8012076235076298,-5.8223800086855775,-2.592319708782351,-4.183772051888614,1.4763710486369126,-1.6167550634727608,1.227221752294584,-0.07815181530233167
96,-161.38176119932098,-2.883795050482823,-10.405083460261471,-6.613512166209277,-3.629919959596342,-2.1141807775743824,-4.4019409287181075,1.2170764551431228,1.930924565094482
97,-160.3956146068034,-3.932316351619446,-7.010327608609117,-5.816752307102467,1.235046555071012,-0.4691631613036874,-0.9580332588231104,-0.07471203612279338,1.4136684052811896
98,-159.42668754960695,-3.4069710595075886,-1.5923025981794934,-5.833746319601366,3.031306758803791,-0.8620990303065723,-2.3491598964816975,-1.1654237895570416,-1.9093562643542694
99,-158.41340215840324,-0.3474102678991613,2.2257987015743894,-3.635075907084314,3.4717392122129547,-1.040268211938363,-0.12649119411996507,2.7937862175373596,-0.0752109699221846
100,-157.3757642770286,2.7501475191592086,1.8590862294438335,-3.771119626989217,-1.0578363407462543,-0.11511014176845823,0.06960413559981025,3.4275679823106073,1.2199286395113238
101,-156.33785461306388,3.1797947065121654,-0.17841266181948057,-3.1609975252359237,-3.8741106970040935,3.19254647243852,0.7594714318306328,0.12560857701717604,0.370362880622759
102,-155.33199118400267,1.6326446487682689,-0.7327357213293828,1.56392753078095,-3.6693609259971676,3.0251635633101244,0.4119360649326538,-1.4307333145214745,-0.02731697374964871
103,-154.32756075777993,3.3824701869390004,1.1277780658876795,1.6056926195857328,-1.6401361980726288,1.0593752558967624,-0.8614910218235856,-1.690798721939381,0.3989730881720571
104,-153.35008277863264,1.9161034253187668,1.1912282348128305,0.6813626118896374,2.4651347981709213,3.908732967052076,-2.3465671084346837,0.12606043863415073,-1.3389128904360803
105,-152.3644657423162,3.7114354047573888,4.009202970015858,-2.491231938237808,2.875354241462977,0.8710096046272623,-1.805088978660792,0.48880292955752563,-0.33451907160478267
106,-151.36599365084467,5.363887926295077,5.7138794644776025,-3.159822144963636,0.4573700900534338,-2.2385689300291522,0.40169088231654093,2.182313432783929,0.7426221587234673
107,-150.34840966473243,5.112334791704972,3.3673852702783567,-3.454195945911733,0.04505499562881291,-0.9877328390476423,1.760650120728213,2.169011426763515,0.06734104611289016
108,-149.36197572199532,2.616441842673376,1.1670598199822209,-6.28434651602397,0.9681258610737423,2.4735998711232483,0.9476702888131245,1.33861609934749,-2.4052354645061156
109,-148.35582925505364,4.537446543411601,3.5582514052252545,-6.424232597184634,-0.5983526622779263,0.545305180760621,0.7862555429879168,0.5904757147652042,-0.775397444207016
110,-147.33644200074212,4.036869265379828,0.1493338500323096,-5.020224667741298,1.328992805895263,-1.1092353954104315,0.5574589648356473,1.5498980647152638,-0.5520671167580192
111,-146.3434046946173,1.4264087035006197,-1.8161216391132948,-8.511807802487795,-0.3581049030847095,3.285843288261349,0.8026387615448536,-0.8639493862064945,-3.874359917786039
112,-145.33671561014717,0.9319555963478262,-3.985480549372751,-7.283142032561557,-0.34349644057910544,1.2588822555606412,1.9961481185342476,-1.9358200641972407,0.6244611718141541
113,-144.34195447538997,1.774354516721275,-3.4071565572327263,-6.967024052493538,2.5919501569852046,0.44381046505496613,0.8266100294607263,-0.11007413267298842,1.7440970799919824
114,-143.35790208013327,-0.5561802229127192,-3.8393259348692528,-1.3752511357523598,2.0525425534648876,3.3039540473810893,1.065550808279937,2.7432890465723925,0.5495039454287332
115,-142.3667242877803,-0.06022210927113622,-0.2161276119695803,-3.597465870757297,2.8929255163524115,2.6189341379226616,-1.7642742575523722,-2.3205257780444333,-0.6427999892783991
116,-141.3839156290021,0.9857938970464933,3.692178318955294,-3.6266778899222216,0.8268599666621509,2.0820337131392286,0.2911671188628791,-1.666456129718819,-1.3033478799115892
117,-140.37680586829404,2.5837455301625623,5.234196057693483,-1.4683936645415427,-1.0637261852239503,-0.04806635958992254,0.4577033816276369,0.33598971820601237,-0.8025783892120186
118,-139.3684126816658,1.6039820836057046,1.5933078395897646,2.441849924627838,-0.09105656011289148,0.9663892582650002,0.44732712457120555,3.507366370659704,0.3374486787444995
119,-138.36419777155615,1.8800372323371088,2.586761205856116,-0.04500956462865765,1.6273800611855098,3.1006257337982523,-2.633939056700746,-0.4648491385457254,0.7699078377191622
120,-67.34715471848524,-0.13751962758554964,0.6996134899566434,0.16837735527740014,3.130861191029575,2.2640941477875334,1.1430113602107508,0.4378912204544343,-1.9257631915272686
121,-66.33554268026103,2.5433222314486192,1.7819430950972215,-3.1480831564040774,0.9374883837818342,0.4665452055423855,1.3814831759041988,-0.6050100086603035,-0.3211918921851174
122,-65.33744438516231,2.261320999866233,1.39891417146808,-2.3791588342643317,-0.40241352273914716,2.363251199267184,1.2809467934595669,0.60462283268922,-0.6326248824173507
123,-64.32934320593986,2.288967614145451,0.9793312588611561,-0.9081685457917176,0.01015197432477597,2.3577801297704,1.85591131587346,-0.24557839894694258,2.6018858345620637
124,-63.32012055251659,1.9612723776733696,-0.052391626240385895,1.442438870017739,2.827153201920099,2.8059636183852463,0.19743977458457418,0.576683678980801,2.3855901192659017
125,-62.31617388257133,1.6124567809804895,0.4880362193214447,0.1950380229974357,5.668884301091211,0.9960365070768264,1.6723953443055788,-1.3527500143472626,0.80622012142018
126,-61.31224508952253,1.0299503301198665,-1.4280808646663405,1.0287504366004554,3.850793739760142,1.010217437230164,0.8052047738448201,0.4706072231378132,-1.408504042865277
127,-60.314704322452656,3.8360098723017564,1.669094646472405,-0.8458052553457017,4.49569391191398,1.0489948684014623,-1.088473135669198,0.21754867971394878,1.502600462982975
128,-59.28812110133636,6.0459201328552945,2.9594921918306007,-0.12024595576334439,1.943832559937625,0.40776573356872964,0.5079271292417968,0.16632757206716473,1.6404306387475442
129,-58.280606405474344,3.968907870390671,-1.910900905803711,2.662982840732991,-2.7552467414844113,-1.6015625272429959,0.09544129903136203,0.30001984451337543,1.255951304748455
130,-57.26219636871789,6.376308926762744,-2.180277666392653,-0.11072142225150286,-3.286288745750653,-2.1286526066604026,0.05672992990787953,0.5201829183454403,0.2856497748982605
131,-56.272025847680126,6.354297783515044,-0.6010817876420025,0.06953838602979082,0.32574788695047596,0.360267427338664,-1.4679887104449383,-0.06265163668022213,1.0468763826899818
132,-55.27724218222329,4.345705649339354,-2.349710412549105,0.9349299195683974,2.571709783046905,0.4032905240605618,-1.3386279969886345,-1.375878739362348,3.8319262465746817
133,-54.269688011423135,6.496408025229586,0.9366282774886878,-0.5628333074778291,1.513098007963849,-0.16601442166344332,-0.9979487580220554,-0.615206148492675,0.26411814681479273
134,-53.2590553897082,7.0828785681781286,-0.07445437462689666,-0.8579921035123705,-1.9826719852347716,0.30699550489429867,1.7347995130126261,0.36600975522349916,0.4170562235347627
135,-52.26156194628545,5.341564498497159,-2.41187624615467,0.5786357725558522,0.8958116504576029,2.493322878825069,-0.12466887072100545,1.189186503582885,-0.0352975408223053
136,-51.25896902852503,6.042455959656878,-0.8188945155621375,0.54187651956781,1.510906677631081,2.864588823553189,0.12620542270828047,1.8734732607309699,-1.0866853172188236
137,-50.24267302025152,8.038035723416396,0.5832541692224216,1.357910832264578,-1.3268475623211318,0.39406225612128093,0.8011267110267412,0.7423261689468562,0.04953466604799265
138,-49.23487801143835,6.543622054107537,-2.575429102635093,3.3276783906459015,-3.4053769094086035,1.8091007765483806,-1.2345515694484432,1.2809146236626572,2.0478145544091104
139,-48.25248968104905,5.004075850094552,-3.49262723662678,2.8431396305491172,-2.8551462140955013,1.6467190259241296,-1.3275554180711258,1.145396293688534,0.1900450017811221
140,-47.27533891822205,4.441957476498976,-0.9339094031920894,1.9318084481134974,-0.3534114155561767,-0.4975551621199159,-0.03197266935205339,-1.7897048826395263,-0.6174564268317818
141,-46.25714689676561,6.411447299550527,-0.9435705627654918,-1.4895921026284598,0.666186544924651,0.36172320760612386,1.133049744331465,-1.2693050537912378,1.5157401002501232
142,-45.24811568451386,2.4063348158809212,-8.703221801419707,-0.791271054582464,-0.673170383695422,3.197782603611903,1.7109367968175424,0.6341025477897507,1.390755567441662
143,-44.2878100824241,1.6226737096206498,-5.277831181616851,-0.856888915049274,0.8746581233741807,1.0223373035606627,1.2916384325003627,-1.4958120136940154,2.022379105655657
144,-43.29189284103358,3.4776476698918395,-2.9204171848178118,0.26264256072536596,0.5071806433740326,-1.54231828422828,0.27296368580365116,-0.7436339116517012,-0.30714582688958003
145,-42.28720901899691,3.93966942425101,-2.102083999686596,2.5722578494757564,-0.9404785915311346,-1.4016189814805493,-1.3253439951342276,1.379949856785863,-0.8756861165842855
146,-41.27783657689559,4.81248747296293,-1.431561596218848,1.1212407093152812,1.9996627119095596,-1.9625254257077893,-2.2215445607128443,-0.7997027897627293,1.406407337728744
147,-40.3140687815389,3.052046299436662,-0.1720728429968689,-1.549527971889294,2.945445099230172,-3.305486954547913,-1.1793357002588207,-0.06885656423598491,-1.6578058063344998
148,-39.33451997480708,-0.10398920952732256,-1.9676559756548162,-1.0737575163812263,3.313297579695885,-0.2960603094607526,0.7237835972158703,0.4171426502582661,-2.5618280698027855
149,-38.32725758622221,1.2942289600026653,-0.7237003114870275,-1.354869895883245,-0.1254636849324849,-0.018503225446246795,3.1766910511442084,0.15530273375213588,-2.533722285153426
150,-37.30416938034347,2.3471512963869725,-2.111133650665165,0.12809797845754323,0.05416019952356865,-0.2996791665379408,1.7254658607883113,1.1971545962020338,-0.7063245989182946
151,32.70207856291902,2.9026424289859287,-1.1186876402912864,0.6165911003238073,0.687497210758348,-1.573699432338256,-0.3893821539783893,-1.6677747290751983,1.9389654714596667
152,33.71662694554397,4.221064541013854,0.9366147069256061,-0.6692050390218373,1.262980384345712,-1.803859286778337,-0.5266404025516185,-3.398876711521849,2.603600980115069
153,34.7474223806661,4.530254569152678,-2.8127258334605667,-0.4679517740644158,0.24678430052933265,0.3444086105076198,1.5595528557236622,-1.5084342686409327,1.9557867987709197
154,35.7559981947666,6.1718769379935825,-2.196280115805152,0.469724613307087,-1.7949193270678527,1.0329430950836083,1.4178560690394257,1.3929690645883914,0.8971305211879075
155,36.73629986397659,1.7144946889115908,-6.350024618401159,3.1084514223759996,-0.0024914565548594847,4.799758148120539,0.07464287516764859,3.98723828774917,0.3970352349717306
156,37.72987132316002,3.5867259254526163,-3.186023166161401,1.0435308963124246,-0.17602189214471614,1.9424086686647342,0.1665545799745589,2.839500408878724,-0.4991188169462158
157,38.73575433620749,1.56609224696892,-5.52100088624925,0.6647625253932117,2.7431864692028505,0.6404420621199911,0.3870698373235118,-2.3145940684035198,0.7574487200213128
158,39.73134189198247,0.7502818342950249,-6.743231892560027,0.9672685759479168,-0.8058338691957667,1.5041086784573727,0.004008653534160981,0.24095749459315452,-0.01922548675237172
159,40.71892324575653,1.3951691437164062,-3.5572374129742625,0.6111773574284591,3.29323529061687,-0.4744604274627889,1.8024533072593703,-1.3895797888165387,-0.6616256236169031
160,41.735142976024505,4.375997543511761,-1.4637972607508325,2.229230698564642,1.5298816405719156,-1.8353511248631484,0.5453163607785345,0.5889137350291965,-2.5121985685646364
161,42.75689582771628,7.381152729344036,0.8064689314522884,1.0432455200695199,1.0391688222538025,-2.3670457879047504,1.0679085117111211,-0.3154685130436857,-1.6344472806686918
162,43.75714168999366,8.064479395993366,1.1979355406205245,1.031295190656215,-0.8037989654959281,-1.4858367675330737,-0.4717567617815568,-0.13410937474664295,1.3235240971263655
163,44.73739845541457,5.696514966466091,0.4172949130254107,0.7897840539285758,2.2957735796886647,-0.6241452099164646,-1.4656388497814554,-0.20129237207916803,-0.394104573151298
164,45.74916139988023,8.799841632582131,2.8816270375313247,-0.85386965694474,1.025175686623911,-1.0267321868050627,-1.0160650107850318,0.41635545680000685,1.21470304235232
165,46.77919296091246,9.523978441969764,1.4427134665349488,-0.6195600010142321,-0.3671110738684661,-0.8184244686070508,-0.5598201767737191,-1.1240059042181763,1.004197576299115
166,47.78703842840278,8.924267094982739,0.6423350125293841,0.4880865749046151,0.12783319676683133,-1.1223913251793973,-0.6216381819660857,-2.291413764702577,0.9323619619485861
167,48.78837037670462,9.133101535081396,0.06335837541531102,0.8523460300923442,0.07340051160696547,-1.545601036162611,-0.3471152763872503,-0.9903570542701275,0.30306313683938985
168,49.812097213479696,10.809774344634132,-0.8107743922988088,0.21011121551948633,-2.7335159272923866,-1.8520926002937852,0.12724479171260325,0.2764060877725025,-0.8801929935523334
169,50.77212071068115,7.693798017976841,-3.0825803627469663,0.5656362456717966,-2.997654665156003,0.9039341726481,-0.8065627807580572,2.761909506953674,-0.70077059768637
170,51.76677314703957,7.670451848349987,-1.3963335225784594,-1.0353991338029656,0.21939030722814556,0.9902835076730153,-1.861935610757674,-0.11715350451193329,0.00625373515435644
171,52.76347250756759,6.311268154843265,-2.2848412991697042,-0.437410330293943,1.7332723087391904,0.7080033542606409,-0.24266970929096388,-1.2265468415914254,1.8390639203042067
172,53.775909811513756,6.410215910306534,-2.4047298320286563,-2.589848625249458,3.3607713158226575,-0.9046734939642567,1.0258115410612805,-3.5710720964612603,3.1530290830704852
173,54.78934084504734,7.4121095283200615,-3.1128027566533416,-1.9644583221295917,-0.5698910414316457,0.8933493387777535,2.242675665419536,0.15427079355446133,-0.7958376589142977
174,55.77526223949907,3.629523345417249,-7.291754201796014,1.5109980609114626,0.5159381942621315,4.414903836593568,0.38710211946148676,1.7002659111342608,1.887705272608053
175,56.783742403786086,6.347548776649771,-3.955156405204844,0.01343277696324053,-0.06512831885927645,2.015484754588693,1.5000678728774568,1.06743611912837,-0.6962866028105665
176,57.776559714338134,6.156290361494225,-3.2328611975951937,3.076632324272473,-1.0902868493483693,2.0007768271604864,0.9383115233162624,0.1133912678848331,2.1985065677493405
177,58.769674379916374,4.732413674755899,-3.526893872768645,4.726620991073627,-0.8443959887706938,2.3291523246721555,1.342574227763538,-1.4743913104708422,3.2176978543175787
178,59.77499825201062,6.682701486563403,-0.9147052159112198,0.44847394091786863,3.5759167431279097,-0.12725525882547062,1.143411892174012,-2.7831292844211513,2.2676619364490476
179,60.780567617577496,6.717884883206207,-2.218454001031392,0.5996312507894767,1.0095737668459859,0.7992814075048941,1.935667043710589,-0.5213969668856029,-0.870244391542901
180,61.79267472478703,6.8195791017246705,-4.1900617358179275,0.8271384702849288,0.5049443888011728,1.3701978162530741,-0.014101779347052512,1.7705278945306397,-0.849352250856159
181,132.74925389215662,4.058330799719334,-1.9057451514825128,1.8195047145530137,1.2801376590072304,-0.8469893281969333,1.595638062397139,-1.7318597723260423,0.9999661396735705
182,133.75526106765022,7.330957509455799,1.7336879356504729,0.3851370064665756,-0.8391330531057084,-1.9651541270769148,0.7769001895114551,0.013108014466263095,-0.8627982939312939
183,134.7688984380356,7.583830002194517,0.6697082461526208,1.0956869424210443,-1.0479889806669926,-0.8748776357775281,0.24336526361952526,-0.5875459145267711,0.8132114135712359
184,135.7638042147902,5.893635150750131,-0.7774019732207218,0.7908340002444091,2.7125653889695287,-1.1225069099054406,-0.7158874806848704,-2.5468351424216324,2.1830898257090077
185,136.76330377310208,5.876617996455444,-0.418880916460896,-0.47655620376881225,4.432558944432529,-0.474119629889369,-1.0817544507850894,0.02770438304496888,-3.9555034167398553
186,137.73100823600842,5.066590703523665,0.7639612262384284,1.3809043438990156,0.20721254546774157,0.782206997340099,-0.44067247236718715,1.333974281668844,-1.2536937407583801
187,138.71557249297072,1.6977207491070059,-2.4122927474513602,2.49356900898299,3.6660760117775877,0.08429517346941064,-3.626135581805861,0.8406449086252574,-1.3616443312826896
188,139.73001309946105,5.8036823422494495,1.994006909388263,1.2916609456049966,4.07808366819704,-1.9725709259494282,-1.415614671467631,1.575841286235626,-1.5060365807697407
189,140.73602890534823,5.303606118457025,0.5286870882646558,2.04657917517079,2.7098962617438516,-0.9085508690759064,-1.9749765145509945,1.7873529207133765,-0.7021689707963392
190,141.7274261767647,3.8003775223830707,0.010189993844867466,1.8472767188590462,3.1829440518807464,-0.40977487454586653,-2.4132964941549626,1.5505653822615213,-1.5933243251858176
191,142.73522203833738,4.315884364605187,0.18466785571192681,2.3326153929610185,1.501596181815716,1.3338623499269813,-1.6256396775042137,1.1305591649781466,-1.163988685760036
192,143.7700214854301,7.082896837449927,0.7965381229328428,2.4716643177002173,-0.04899553512924711,0.02743310505704205,1.2311542459110358,1.1969937250836,-0.8125501457396035
193,144.786558080881,7.71804139291614,-1.298129022305825,3.0487431555712527,-1.4461451844772195,-0.36483881374642707,-0.8660418082368062,1.6401552299071447,-0.9410820960520543
194,145.78333819301236,7.725737229330941,-0.6761460123521326,1.0248360596877952,0.5126261423701983,-1.631505651408412,-2.228014552632447,-0.7386837037414101,-0.05032154272705134
195,146.76213573534417,7.448185980454383,0.6202435962652968,-0.19233004148497265,2.128342560814368,-0.8060452911856559,-2.229687712255903,0.6237226398939457,-0.6812202181372379
196,147.76318591385208,7.394708225009325,1.6704160486886548,0.9138836458562082,1.4933329139614446,-3.234873778358782,-2.674026625169526,0.6310025166636184,-1.214384609083388
197,148.77060868730894,9.141376993035825,3.1208613129774787,1.2935929751340227,0.25452765858046916,-1.7930679353747192,-0.9541085418776978,0.521185561084642,0.9154863116650062
198,149.80050917172315,10.282862224307118,1.9076028451500395,0.8861472932631195,-1.2526045921348663,-1.7472571028839676,-0.25732467705960177,-0.8512375966930307,0.8312224573974775
199,150.83048784990916,12.899349534170224,1.1087060241536717,-1.5097703226804624,-2.3961240178725336,-2.432293925545065,-0.2017463496091175,-0.15548501688223276,1.2260522517141788
200,151.80977974035096,8.327723594073769,-3.0152635978139073,2.006372408539582,-2.272061154510874,1.1582279518315433,1.1223960638748751,1.895821740450174,1.887254894472625
201,152.77606647377127,3.853866573469901,-4.3501801658533825,6.188132271047562,-0.1917246291507858,2.369212484427666,-1.0388215499905695,1.4928523746275562,-0.84919750587318
202,153.7859694213461,5.649034007978148,-2.978735076242296,4.136479533054234,-1.720907014275255,0.3235485841295489,0.5668399089718529,0.18513836770485767,-0.9336835783566236
203,154.77442989078259,6.311199830681226,-0.722037545841867,2.179444336245005,2.3807268052267925,-0.46061634514450933,-1.0052574639488212,-1.7232377997013026,1.070513645672716
204,155.80356892541715,8.65082780474614,-0.5844096026993127,1.2518940496132938,-1.3184299767903604,-2.1204266726255208,0.7932940232412531,-1.612207093512552,0.3889489032303512
205,156.794515929742,6.217260021064859,-4.488008241085303,3.154355867144859,-3.491667823851388,-2.87657323089752,-0.6930936459081473,-0.9392246224015659,0.9455383713005167
206,157.75664451068593,2.808807986424545,-4.193693667937426,2.6085443268041053,1.1706323983311324,-0.4348089638732159,-0.4631771437469415,-0.23737167905040524,-1.5383158169095175
207,158.73902420473857,4.369315836823274,-0.644692584974066,-0.009415161596656115,1.5645843921040727,0.23149240859012177,0.10340194899190362,0.7938154937441645,-2.079677557525875
208,159.75818085263504,6.0134101915745655,-1.523443730253485,0.17386865154378142,0.7931659570897268,-0.4792628448503742,-0.10703893243523326,2.176560615998579,-1.1210853375404233
209,160.77367911497208,5.988796318196236,-1.9026082479323951,0.4716170114438724,2.6807662755458628,1.9264372075281104,-0.4604448141226162,0.4931976702028301,0.3016137645507778
210,161.76013162146248,4.601599722774104,-0.8678363315328521,0.12972010357047994,2.1440614586291824,0.4337917664920234,1.0832498362212515,-0.2159363072839232,-3.2059329774639145
211,162.76442243062846,3.6730614446425776,-3.635177625888557,3.300362842683953,-1.361079222743548,0.17010167139722004,0.76634568726858,0.8961387589417412,-2.2636367733989955
212,232.75781328651138,4.082965433602119,-1.3896572974651407,2.02256887504412,0.24715661768555952,0.5064848510539992,-0.039390695317961605,0.14204343665365987,-1.3214902524640872
213,233.76560908386648,4.803763856275159,-0.6427354167151496,0.9144375817315019,-1.5524397525514881,-1.1573772470610952,1.5084681891006693,-1.9575034192680818,-0.34145725682240463
214,234.79974139897885,7.7083697624679015,-0.3804901102530805,1.3371420115647874,-3.313056081613243,-2.0298438532937304,1.3868340725454082,-0.32814708268695125,-0.6271347530569905
215,235.8081128622276,7.173126316366698,-2.6004306277247657,2.418833962303434,-2.9138909969474973,-0.03488845246090801,-0.07603399345172815,0.8312986457422044,-0.2295196811425219
216,236.76953617649744,5.121510294537307,-2.4388929489897997,1.8790501216934643,1.7673627380132142,0.23143984406996237,-3.7761025298242696,-0.3443580450251073,2.334979100468596
217,237.7349732107094,3.456581895463551,0.7161397065264943,-0.0177283343054423,6.010273741429904,0.7724767887595927,-2.6045834638549272,-1.631709575900665,2.113169064821273
218,238.74224403951177,5.207318388582154,1.8700862042103426,-0.7494654294834936,3.5734831489264782,-1.1509801389008107,-1.1442046425788903,-1.1867675054499873,1.2175494314280246
219,239.75306641610644,6.232070130715939,2.24753957312005,-0.3606930745001228,2.251481485020625,-1.2368113946836639,-0.8944833130961731,0.8244638252094771,-0.9101896707757716
220,240.7560208354491,7.406070952129225,3.6748927101791673,0.13163090797042182,-0.21743358904163337,-3.469928208624486,-0.5057669029029831,-0.29709731835880043,0.703395303029964
221,241.7762763625787,8.516870238393878,2.909886580686146,-0.2100653957905253,-0.634270677520617,-2.099489763920144,-1.184060459164849,0.3304665762504779,0.0633312652743185
222,242.7853146115934,9.243984680109678,2.639974434358374,-1.6632543460153926,0.20471774866644532,-1.9072917408546026,-0.685474541760046,0.004232652580048108,0.382687636093682
223,243.78921741162515,9.091088589612525,2.324387359090382,-2.4663635992403754,0.6227146724888769,-1.9805433706363418,-0.054146539863152425,-0.034861864903892086,-0.4180148655783627
224,244.7757796178956,6.746164215101761,1.7408745547797557,-4.099058136401357,0.5951262901374073,-1.5700738933905731,1.0845587847351108,-2.460983057591841,-1.261501787825723
225,245.79433605785914,7.2950914220741865,-1.4726547141185748,-1.739925843267145,-0.6948260462352893,-0.6003483812854253,1.7270871058967079,0.22960831002834212,1.1968112129027628
226,246.78055262412377,3.590277266125111,-5.857414526985122,0.5929999007183265,-0.6969095586104651,1.1355005398235507,1.1639817375183652,-0.1130966620580431,0.9223795748850347
227,247.78917399737412,4.65647939355243,-3.1720716914041147,1.1896548336489388,-3.136413734486913,-1.0563734216383545,4.911668352153123,-0.7209902883837314,-0.7443702584653964
228,248.76392517663788,1.8937160112715605,-6.549165369477592,2.0960255872013396,-4.102892309570531,3.5917147794793336,2.519773646693197,2.98529279742538,1.3684473620719269
229,249.7499002979728,1.5640229995724764,-3.431032986727936,2.1287908056471037,1.0666225426779588,1.2297154763084623,1.9813103770794886,-2.0805039316636376,1.1006313259565765
230,250.75968403785964,0.6868786471831632,-4.952850803266357,1.7235605840242394,3.1897779475546795,1.5519881040220143,-0.055395849126677124,-1.1461238405785477,0.7389599060379392
231,251.73913982303165,1.0640467115772718,-2.4282610963321725,1.3002867303307348,4.699310270547863,-0.12762362452981166,-0.2504753634402979,-1.4831564586040311,0.20654044466095323
232,252.7327875323986,1.7289591412915624,-0.7256828347138761,0.017748487920432526,2.232654329529242,-2.407961667271553,2.164619120234387,-0.7965518959258451,-3.51674716642241
233,253.73531345278022,2.609059817795268,-0.26708037623824793,-0.27796747023896035,0.8456782867251925,-0.222973106735764,2.4547845674738706,1.0601482416145063,-3.3133657801085485
234,254.7478145218109,3.6954370105840173,0.5178566255007154,-0.04087339142723463,0.3709580142120284,-1.7180936888240104,2.759722641755076,0.5837047654279508,-3.7313740016139585
235,255.76744413371853,5.289913434657729,1.0134309849194054,0.08620319284554226,-1.563994794724384,-1.182036022283618,4.300489510412081,0.3406154478899831,-0.8736484767325267
236,256.7792319465138,6.023574845982577,0.09992391416930554,0.1948689730598631,-1.2007471941954877,0.060795592954672656,2.803503266489932,0.5127507231740343,-1.614701489237609
237,257.7409605391303,0.9816245068218094,-2.727824733076479,2.829394558050234,-0.46904695152596004,2.298516343012757,-0.24944659100602684,-1.5767446237405551,0.4036839252621123
238,258.73710300067785,0.4103256371021488,-2.524228917170089,2.1002447090818404,1.9513401042480671,1.8545985585941862,-0.15665945841853943,-1.5792889643047552,0.16115281466182454
239,259.73058588433645,1.5172110032122805,-0.9599064824995689,-0.24149487624764043,2.9422671060788947,-2.159865154484576,-1.1603649607271975,-3.003289213280674,0.7129902977555712
240,260.72508471303814,2.280450542966565,0.5634294203873798,0.7992470459267284,0.4054169748653556,0.48053015690533296,0.5754951962957383,0.8801172217328433,-1.8621767481783815
241,261.72882610837354,2.7575475745158395,0.044447599188675524,0.37616607593340406,0.14711320750535892,-0.3713414745385264,0.025643881678854515,0.6207134397960719,-0.1319283909787458
242,262.7129463640482,0.9086120334472346,-0.1610311259400167,-0.5047062383517285,4.0038541279945274,0.24896452663123692,-0.8918607944064372,-0.11029424464744964,-0.3613811611829715
243,332.70039451520245,0.7008841294772195,2.0714797608256084,-2.751959714243448,1.7937801408726701,-1.254225052648651,2.4549613418983096,1.0950838334128137,-3.2349934933846813
244,333.69052748925594,-0.35397805689108625,1.1700741877440133,-1.593161253994054,-2.4562253318318366,-1.4545339588487356,3.5525736715514897,0.5837392409366858,-0.6878221149374912
245,334.69623960578474,-0.9884021494192894,0.22597087251384387,-0.863424169476141,-1.3565306499584397,-1.0683102607295945,2.7604900679962325,-0.9084886711768823,2.4572094313031245
246,335.7067128179805,0.22109202251414317,1.628116942768474,1.2468553341983646,-2.201235029820789,-0.7625436518231146,2.1832238158128114,0.1821853567418176,-0.43667430720979233
247,336.71063226093423,0.7823740440878502,1.2091278836127437,0.6139365448483974,-1.6886351324222117,0.7137154926063003,2.0621333430770368,2.198135597603728,0.022198688420057525
248,337.70471526821035,-0.12403194812443546,-0.6626998797994049,-0.19113420366558337,-2.49563500990992,1.9153346173509225,1.7577211560099537,2.8967945072907924,1.8173537153119876
249,338.7019812259064,-1.2806252801785005,-1.7462873282363747,-0.21498400615678195,-1.7504161517862868,2.7371050820665452,1.2247556794488057,1.1710687302998237,1.0283432433485178
250,339.68550494088896,-4.066190698863861,-3.2956180166207116,-0.43001075219697854,-1.6269660985286778,0.4356555358774711,1.0159892319051966,0.9920799979664583,-1.6063435851127212
251,340.67195539482975,-4.716619406369848,-3.3944046853236385,-0.054826550202508234,-0.1635595375892357,-0.29752346927080253,0.4685861061357403,0.677147350956401,-2.1050233507087848
252,341.6583994851852,-5.441326083746809,-2.7965503314309457,1.527194375050822,1.4760464868410832,-0.6257094308589841,-0.18565020153476988,-0.46565579472657914,-0.6722100696124694
253,342.6718393702893,-2.871663226061619,1.4430501800569904,1.5629463415847158,1.9425226611234672,0.18509620143469513,1.367111473228458,-0.4840395446241744,-1.6883032761404102
254,343.68437178134707,-1.4265438023174812,1.5922985162399983,-0.5293082624417654,-3.7432179676139974,0.2993963492836856,2.3948260593904513,-1.8795924554263765,-1.2498488416027715
255,344.69084837876284,-2.9843034066982566,-3.042651656476522,0.7568569464987667,-3.8919474796587292,-0.1067970908210284,0.8469723466086344,-0.8933985869575521,-0.6016735043106552
256,345.67694965206033,-5.314029469398595,-5.005061284891559,-0.28453842074341673,-0.5473830658397323,2.29374673207304,-0.19885220225434028,-1.0075866723042342,-0.4935179766608012
257,346.6573719358505,-6.082581402834471,-3.264209066633421,-1.3521135192666829,1.016770639493491,2.0741044589455275,0.25625264301007594,-1.8262151824454966,-2.014016622693375
258,347.63244406326675,-6.728384423874167,-2.4313606658224427,-1.790579409862938,4.278447794156357,-1.3963439638036188,-0.9503165925320911,-1.240212482809807,-1.5403501681841498
259,348.60235730849695,-6.767903354358487,-0.18301708189312185,-1.98792875570842,4.838237098883241,-2.189283850577882,-1.6307269715559498,0.30871966437157594,-2.102725710674196
260,349.5921968761614,-8.406747059583855,-1.3004506174418642,0.49056734995278783,2.031916779039188,0.37375848553962415,-2.5192756867110027,3.249129139713322,-3.051880867207039
261,350.5923835505156,-6.242709787847358,2.905214834075918,-0.40651588490915375,0.35651115203358413,0.25253214903887794,-0.7830533890107074,1.2555247923222248,-3.177380763753098
262,351.59235574683294,-5.828921675167802,4.217159986836441,0.9624534946720708,2.25319288305547,0.7481495403443602,-0.8322437203645437,2.2409565487676377,-2.3415773229291794
263,352.59955659155713,-4.538213046361373,6.257350535439909,0.03438161036057226,0.9864370682107844,-0.8213779108646586,1.3190758277299757,1.4379366077572155,-1.569057163128351
264,353.60080603670565,-4.1295182219350535,6.486363486294442,-0.08997425450164981,-0.9558899508957469,-2.197253535681193,2.090353941220889,0.5055764112493734,-0.4573616812437426
265,354.6103204972317,-6.367384897980785,1.6374932153984856,1.62327809036381,-2.5089082243903262,-0.5811376048542753,1.9190650299281113,-0.08567565440276878,-0.7494772784089722
266,355.6080753294259,-8.247868049654961,-0.46972681741277905,0.5000394741744814,1.5134016110753643,1.7806247646452633,0.4044686391660542,-0.5819747486341615,-0.19612252209185704
267,356.61058334505907,-7.031815743032423,0.7043351776344633,-2.2329143442866646,2.885076062603568,0.09765763042059868,1.2428503145919947,-1.7645704139405192,-0.32068756107442614
268,357.60647946427235,-9.757147390679874,-5.3309878177717405,-1.4356721830588615,-0.5036512804425874,-2.033106024628958,-0.019301159063478065,0.4081857454476384,-1.411369289220689
269,358.59865265327215,-10.784402130907104,-5.479873644517139,-2.1100001876488927,0.6650173811896913,-0.9993378972298904,1.0201054497612951,0.658318640716734,-0.5474291446735313
270,359.59512868243985,-9.989179802799978,-3.109805732997883,-3.5968298188653756,2.39289047469352,-0.7180587799095549,1.5192476804386321,-1.4950848626696123,0.04226726073687209
271,360.58716832883147,-8.727875668041678,0.5063969413498414,-5.970992831826797,2.538362007173234,-0.0357743344680261,2.5379841101806053,-3.9802648719312637,0.07103622340723738
272,361.5877348270365,-8.359488259329265,-0.2455627172756539,-3.2181735183710436,0.9146602532643173,-1.6076654604170593,2.3435468643336264,-0.09144768775412722,-0.2864789445864861
273,432.60569393689195,-8.631116494229039,-1.0705244567366552,-1.5781404451365606,-0.1039292210562391,-2.3191081399440874,-1.0150704567679367,-0.5606743972165066,1.662533300819652
274,433.6090480771527,-8.091060817026115,1.4718338900735506,1.4748306289211335,0.3777789602334167,-0.6142143219662818,-1.1384100358695746,-0.8443359277537232,1.307965916273968
275,434.58569137025734,-8.252905895858598,4.4497824002515936,1.7669143741906703,0.8993287477664805,1.1655574548520933,-0.22127337587609966,1.485604238181038,0.12458187729382807
276,435.5955691401329,-7.461215397414634,3.1769941824865326,1.9069815906005387,-1.3364701187968937,-1.0078785401344539,0.5812967184794597,1.25929707680111,0.0016753465829715576
277,436.62212072635697,-6.730409267318951,0.6844051895472865,1.6678159855477674,-3.016702804678279,-2.7699864542567982,-2.160520532138838,0.8218352814650738,0.06350131372250523
278,437.5985992553265,-5.510478268072646,5.505096519591964,1.0090637231661426,0.8464704957977375,-2.0829956155792413,-2.5393867169196382,-0.07923549107075369,0.9883631313874597
279,438.59632806553014,-7.046451259225339,3.3677012158574993,1.338455509582028,-0.9209738857432987,-1.781714129146267,-0.9219912396670464,-0.09968234535535263,0.5564832411460481
280,439.5951751192316,-7.562040900438379,3.81328985605858,-0.22945670687384806,1.8597117700090304,0.12692751408372857,-2.2603321045006606,-0.36673657353071965,1.5736455116501453
281,440.5803467646902,-7.950143639990449,4.218080413429935,-1.3344769169234572,1.7826224491761626,-0.2557388626811219,-0.6727505124432677,-0.22271396742979352,1.0081348494551667
282,441.59170978257146,-7.908972852322628,2.883594697815098,-0.5024910155470738,-0.7543122808256393,0.062425350261992134,-1.0790978009340075,-0.528250495981969,0.5252943736213638
283,442.57415392478754,-8.297809964655578,5.3163452910481395,-0.7171017528832754,2.4092243078822335,1.6783752563994614,-1.3360226488626052,-0.46857618538384327,1.288849620984631
284,443.575847188312,-8.893099072524958,4.46966908300609,0.7407410758391239,0.856777852585267,1.4418531778273902,0.3384713933105467,0.6751730229960243,0.6980036774639296
285,444.5914507994713,-9.660249270775763,1.3748040945571374,1.9108563439393682,-0.8761974342075386,0.49141217231570117,-0.36350456026879346,-0.1214984637603131,1.0783468766737156
286,445.6074630548107,-9.308910627245229,-0.4481059651376514,1.4574564378936135,-0.8153941695206127,0.8954952025599533,-0.04679894104736104,0.3551441615910966,1.05210590222466
287,446.6193261401296,-8.712196032633623,-1.0727760896322593,-0.13245585927987377,-0.9668011406218842,0.184733571919007,-1.26546604088206,-0.16622405590805087,0.4718082083827597
288,447.6302663651887,-6.875726049303904,1.3918784352470555,1.1762739955751214,-2.913617517341162,-0.4414868241020475,-1.043992783655373,-0.8201120637452307,1.1005074693687653
289,448.62252567055833,-7.233508922303875,2.0952770880040266,3.3163138808738597,-3.191514489789904,0.3241417503568475,-1.8499394735766068,0.3985993044087834,0.8902641690673178
290,449.6094772616732,-6.71465974889013,5.38462434548163,2.2481552396007523,0.20185203146381744,0.35718476009593636,-1.952037202454756,-0.7255355814427314,0.9314371390955375
291,450.5874486550513,-8.249769765278828,4.3643726271467544,-0.3281769210956513,-0.5789204927495595,1.82619754532608,-1.665365152319667,0.37770393796432833,1.1235559715763943
292,451.5889229529637,-9.612508576811365,1.1123200282945698,-0.7514939518195344,-2.824065966779796,1.6715971028218604,-0.30550371901539736,-0.7340964692591309,1.2999896803873026
293,452.60058740650453,-9.984885486723286,-0.13773556686423913,-1.6091253202124782,-2.6472096292277443,1.2033974251162527,-0.03485447089495767,-1.414825558321027,1.1060565172938157
294,453.60744419595466,-8.855285175045813,0.7560404457382965,-1.0851532518001135,-1.7283811278204582,0.16698075067165455,-0.12645312999700556,-0.5133131063536275,-0.521161650922089
295,454.6053106531058,-9.230292755761191,-0.2960886484949447,-1.6161165855502384,-3.8906500701114686,0.21675444758534151,-0.13084383478392306,-0.8024390170836934,0.3696594020642373
296,455.60861521007473,-9.31675397404621,-1.0861191789722475,-2.1101940830281114,-2.6309531267004287,-1.2179253470860278,-1.967700556759275,-1.4052793020826337,0.9382422203690152
297,456.6042499228838,-8.73105218757706,1.1167979608001168,0.10924256223129848,-1.6418427955979285,-0.6537992792909745,-0.9357625507787883,-0.36916304869990313,0.06894316423983467
298,457.61550267543635,-7.871901297234378,1.967942907520381,0.465268275015666,-2.228490483207793,-0.39890258810297186,-0.8016010941023504,-1.299889625539025,0.8542628968638177
299,458.6271349183194,-6.749373650946683,2.850550514058577,2.081241547047696,-4.002522700607127,-0.6399836151003616,-0.7492663631455312,0.02513990923451643,0.2566201863472758
300,459.635336138624,-6.631988681333856,2.1180894253575238,2.0472683006687706,-3.3878326706755,-0.2139185061633331,-1.33458938559973,-1.0540178960829223,1.1342516856747498
301,460.6375120634425,-6.363676227831901,1.9968341137832573,1.721230896268955,-2.77275846212101,0.9595972193433485,-1.2269984769699367,0.6634007826491748,0.10311159453207185
302,461.61187982531266,-7.600237981599345,3.117630898645789,1.328834223089512,-2.920740880491848,1.250845184316569,-0.17298554923135231,-0.013334681081662945,0.8196688384143702
303,462.59564813469535,-9.400767482762564,2.3415101548198574,0.4376701086304081,-2.797245011651688,1.269167813870704,-0.1882232383772144,-0.5002403039708168,1.0029259138166908
